HG813247.1860455.1861992 Bacteria;Firmicutes;Bacilli;Lactobacillales;Listeriaceae;Listeria;Listeria monocytogenes R479a
FR733644.1832860.1834411 Bacteria;Firmicutes;Bacilli;Lactobacillales;Listeriaceae;Listeria;Listeria monocytogenes SLCC2378
HG813249.2364350.2365887 Bacteria;Firmicutes;Bacilli;Lactobacillales;Listeriaceae;Listeria;Listeria monocytogenes 6179
FR733650.1691476.1693027 Bacteria;Firmicutes;Bacilli;Lactobacillales;Listeriaceae;Listeria;Listeria monocytogenes SLCC7179
CP013285.1179807.1181367 Bacteria;Firmicutes;Bacilli;Lactobacillales;Listeriaceae;Listeria;Listeria monocytogenes
FR733643.2443004.2444553 Bacteria;Firmicutes;Bacilli;Lactobacillales;Listeriaceae;Listeria;Listeria monocytogenes ATCC 19117
LT985474.244200.245746 Bacteria;Firmicutes;Bacilli;Lactobacillales;Listeriaceae;Listeria;Listeria monocytogenes
LT985474.1722923.1724469 Bacteria;Firmicutes;Bacilli;Lactobacillales;Listeriaceae;Listeria;Listeria monocytogenes
HF558398.248759.250296 Bacteria;Firmicutes;Bacilli;Lactobacillales;Listeriaceae;Listeria;Listeria monocytogenes serotype 4b str. LL195
LT985474.2620921.2622467 Bacteria;Firmicutes;Bacilli;Lactobacillales;Listeriaceae;Listeria;Listeria monocytogenes
CP014790.1735835.1737395 Bacteria;Firmicutes;Bacilli;Lactobacillales;Listeriaceae;Listeria;Listeria monocytogenes
JSWS01000001.1232915.1234475 Bacteria;Firmicutes;Bacilli;Lactobacillales;Listeriaceae;Listeria;Listeria monocytogenes
CP015593.1751288.1752847 Bacteria;Firmicutes;Bacilli;Lactobacillales;Listeriaceae;Listeria;Listeria monocytogenes
S55472.1.1524 Bacteria;Firmicutes;Bacilli;Lactobacillales;Listeriaceae;Listeria;Listeria monocytogenes
MTDV01000013.74.1604 Bacteria;Firmicutes;Bacilli;Lactobacillales;Listeriaceae;Listeria;Listeria monocytogenes
CP001602.1970656.1972208 Bacteria;Firmicutes;Bacilli;Lactobacillales;Listeriaceae;Listeria;Listeria monocytogenes 08-5578
MJSM01000013.256744.258304 Bacteria;Firmicutes;Bacilli;Lactobacillales;Listeriaceae;Listeria;Listeria monocytogenes
MJNM01000002.102344.103904 Bacteria;Firmicutes;Bacilli;Lactobacillales;Listeriaceae;Listeria;Listeria monocytogenes
CP016629.248729.250249 Bacteria;Firmicutes;Bacilli;Lactobacillales;Listeriaceae;Listeria;Listeria monocytogenes
MJOQ01000014.256794.258354 Bacteria;Firmicutes;Bacilli;Lactobacillales;Listeriaceae;Listeria;Listeria monocytogenes
MJTG01000012.99319.100879 Bacteria;Firmicutes;Bacilli;Lactobacillales;Listeriaceae;Listeria;Listeria monocytogenes
MJUA01000010.99780.101340 Bacteria;Firmicutes;Bacilli;Lactobacillales;Listeriaceae;Listeria;Listeria monocytogenes
MJTC01000011.54.1614 Bacteria;Firmicutes;Bacilli;Lactobacillales;Listeriaceae;Listeria;Listeria monocytogenes
MJCN01000014.194820.196380 Bacteria;Firmicutes;Bacilli;Lactobacillales;Listeriaceae;Listeria;Listeria monocytogenes
MJQN01000014.124164.125724 Bacteria;Firmicutes;Bacilli;Lactobacillales;Listeriaceae;Listeria;Listeria monocytogenes
MJPG01000007.54.1614 Bacteria;Firmicutes;Bacilli;Lactobacillales;Listeriaceae;Listeria;Listeria monocytogenes
MJRU01000001.99942.101502 Bacteria;Firmicutes;Bacilli;Lactobacillales;Listeriaceae;Listeria;Listeria monocytogenes
MJCX01000024.54.1614 Bacteria;Firmicutes;Bacilli;Lactobacillales;Listeriaceae;Listeria;Listeria monocytogenes
MJPE01000032.29.1589 Bacteria;Firmicutes;Bacilli;Lactobacillales;Listeriaceae;Listeria;Listeria monocytogenes
MJCO01000007.99780.101340 Bacteria;Firmicutes;Bacilli;Lactobacillales;Listeriaceae;Listeria;Listeria monocytogenes
MJTO01000017.160409.161969 Bacteria;Firmicutes;Bacilli;Lactobacillales;Listeriaceae;Listeria;Listeria monocytogenes
CP006859.2556390.2557927 Bacteria;Firmicutes;Bacilli;Lactobacillales;Listeriaceae;Listeria;Listeria monocytogenes serotype 1/2a str. 08-6997
CP003414.247258.248814 Bacteria;Firmicutes;Bacilli;Lactobacillales;Listeriaceae;Listeria;Listeria monocytogenes 07PF0776
CP018685.480898.482458 Bacteria;Firmicutes;Bacilli;Lactobacillales;Listeriaceae;Listeria;Listeria monocytogenes
CP006591.2676298.2677848 Bacteria;Firmicutes;Bacilli;Lactobacillales;Listeriaceae;Listeria;Listeria monocytogenes
CP019625.2656345.2657905 Bacteria;Firmicutes;Bacilli;Lactobacillales;Listeriaceae;Listeria;Listeria monocytogenes
CP006860.2556390.2557927 Bacteria;Firmicutes;Bacilli;Lactobacillales;Listeriaceae;Listeria;Listeria monocytogenes serotype 1/2a str. 10-0815
CP006858.263885.265422 Bacteria;Firmicutes;Bacilli;Lactobacillales;Listeriaceae;Listeria;Listeria monocytogenes serotype 1/2a str. 08-6569
CP006600.2950841.2952392 Bacteria;Firmicutes;Bacilli;Lactobacillales;Listeriaceae;Listeria;Listeria monocytogenes
CP019622.2798017.2799577 Bacteria;Firmicutes;Bacilli;Lactobacillales;Listeriaceae;Listeria;Listeria monocytogenes
CP007525.2691577.2693114 Bacteria;Firmicutes;Bacilli;Lactobacillales;Listeriaceae;Listeria;Listeria monocytogenes serotype 4b str. 81-0558
CP006598.1492052.1493604 Bacteria;Firmicutes;Bacilli;Lactobacillales;Listeriaceae;Listeria;Listeria monocytogenes
CP019623.236894.238453 Bacteria;Firmicutes;Bacilli;Lactobacillales;Listeriaceae;Listeria;Listeria monocytogenes
CP007008.2523092.2524629 Bacteria;Firmicutes;Bacilli;Lactobacillales;Listeriaceae;Listeria;Listeria monocytogenes serotype 1/2a str. 04-5457
CP007018.2523092.2524629 Bacteria;Firmicutes;Bacilli;Lactobacillales;Listeriaceae;Listeria;Listeria monocytogenes serotype 1/2a str. 10-1321
CP006860.263885.265422 Bacteria;Firmicutes;Bacilli;Lactobacillales;Listeriaceae;Listeria;Listeria monocytogenes serotype 1/2a str. 10-0815
CP006862.263885.265422 Bacteria;Firmicutes;Bacilli;Lactobacillales;Listeriaceae;Listeria;Listeria monocytogenes serotype 1/2a str. 88-0478
CP006598.2945681.2947233 Bacteria;Firmicutes;Bacilli;Lactobacillales;Listeriaceae;Listeria;Listeria monocytogenes
CP007007.2523090.2524627 Bacteria;Firmicutes;Bacilli;Lactobacillales;Listeriaceae;Listeria;Listeria monocytogenes serotype 1/2a str. 02-5993
CP007525.278433.279970 Bacteria;Firmicutes;Bacilli;Lactobacillales;Listeriaceae;Listeria;Listeria monocytogenes serotype 4b str. 81-0558
CP021325.2488438.2489997 Bacteria;Firmicutes;Bacilli;Lactobacillales;Listeriaceae;Listeria;Listeria monocytogenes
CP006874.282741.284278 Bacteria;Firmicutes;Bacilli;Lactobacillales;Listeriaceae;Listeria;Listeria monocytogenes serotype 4b str. 81-0861
CP007011.263885.265422 Bacteria;Firmicutes;Bacilli;Lactobacillales;Listeriaceae;Listeria;Listeria monocytogenes serotype 1/2a str. 08-7669
CP007198.2402142.2403679 Bacteria;Firmicutes;Bacilli;Lactobacillales;Listeriaceae;Listeria;Listeria monocytogenes serotype 1/2a str. 10-4758
CP007492.248751.250303 Bacteria;Firmicutes;Bacilli;Lactobacillales;Listeriaceae;Listeria;Listeria monocytogenes
CP008836.263885.265422 Bacteria;Firmicutes;Bacilli;Lactobacillales;Listeriaceae;Listeria;Listeria monocytogenes serotype 1/2a str. 10-0814
CP009258.2316545.2318169 Bacteria;Firmicutes;Bacilli;Lactobacillales;Listeriaceae;Listeria;Listeria monocytogenes
CP009897.1726590.1728127 Bacteria;Firmicutes;Bacilli;Lactobacillales;Listeriaceae;Listeria;Listeria monocytogenes
CP009897.242332.243869 Bacteria;Firmicutes;Bacilli;Lactobacillales;Listeriaceae;Listeria;Listeria monocytogenes
CYUT01000021.175.1712 Bacteria;Firmicutes;Bacilli;Lactobacillales;Listeriaceae;Listeria;Listeria monocytogenes
CP011345.2193608.2195166 Bacteria;Firmicutes;Bacilli;Lactobacillales;Listeriaceae;Listeria;Listeria monocytogenes
CP011345.2030704.2032262 Bacteria;Firmicutes;Bacilli;Lactobacillales;Listeriaceae;Listeria;Listeria monocytogenes
CP011345.502668.504226 Bacteria;Firmicutes;Bacilli;Lactobacillales;Listeriaceae;Listeria;Listeria monocytogenes
CWMG01000119.3473.5003 Bacteria;Firmicutes;Bacilli;Lactobacillales;Listeriaceae;Listeria;Listeria monocytogenes
CWLE01000124.3521.5051 Bacteria;Firmicutes;Bacilli;Lactobacillales;Listeriaceae;Listeria;Listeria monocytogenes
CP028401.2388665.2390222 Bacteria;Firmicutes;Bacilli;Lactobacillales;Listeriaceae;Listeria;Listeria monocytogenes
AFGI01000001.285943.287474 Bacteria;Firmicutes;Bacilli;Lactobacillales;Listeriaceae;Listeria;Listeria monocytogenes str. Scott A
CP028399.231530.233087 Bacteria;Firmicutes;Bacilli;Lactobacillales;Listeriaceae;Listeria;Listeria monocytogenes
MCHM01000019.54.1614 Bacteria;Firmicutes;Bacilli;Lactobacillales;Listeriaceae;Listeria;Listeria monocytogenes
CP028333.1604268.1605825 Bacteria;Firmicutes;Bacilli;Lactobacillales;Listeriaceae;Listeria;Listeria monocytogenes
CP028183.1809476.1811033 Bacteria;Firmicutes;Bacilli;Lactobacillales;Listeriaceae;Listeria;Listeria monocytogenes
AFGI01000001.279923.281454 Bacteria;Firmicutes;Bacilli;Lactobacillales;Listeriaceae;Listeria;Listeria monocytogenes str. Scott A
CYUS01000020.67.1604 Bacteria;Firmicutes;Bacilli;Lactobacillales;Listeriaceae;Listeria;Listeria monocytogenes
CP030101.1281158.1282714 Bacteria;Firmicutes;Bacilli;Lactobacillales;Listeriaceae;Listeria;Listeria monocytogenes
CYWD01000022.67.1604 Bacteria;Firmicutes;Bacilli;Lactobacillales;Listeriaceae;Listeria;Listeria monocytogenes
FFHU01000003.437210.438740 Bacteria;Firmicutes;Bacilli;Lactobacillales;Listeriaceae;Listeria;Listeria monocytogenes
LJAR01000002.1610758.1612316 Bacteria;Firmicutes;Bacilli;Lactobacillales;Listeriaceae;Listeria;Listeria monocytogenes
MKND01000010.104194.105754 Bacteria;Firmicutes;Bacilli;Lactobacillales;Listeriaceae;Listeria;Listeria monocytogenes
MKOE01000011.99129.100689 Bacteria;Firmicutes;Bacilli;Lactobacillales;Listeriaceae;Listeria;Listeria monocytogenes
CYWY01000016.67.1604 Bacteria;Firmicutes;Bacilli;Lactobacillales;Listeriaceae;Listeria;Listeria monocytogenes
CBVW010000002.1653553.1655090 Bacteria;Firmicutes;Bacilli;Lactobacillales;Listeriaceae;Listeria;Listeria monocytogenes QOC2
CBVZ010000003.1332039.1333576 Bacteria;Firmicutes;Bacilli;Lactobacillales;Listeriaceae;Listeria;Listeria monocytogenes QOC1
APIJ01000024.169.1735 Bacteria;Firmicutes;Bacilli;Lactobacillales;Listeriaceae;Listeria;Listeria monocytogenes SHL010
MKPJ01000006.102348.103908 Bacteria;Firmicutes;Bacilli;Lactobacillales;Listeriaceae;Listeria;Listeria monocytogenes
MKOT01000006.54.1614 Bacteria;Firmicutes;Bacilli;Lactobacillales;Listeriaceae;Listeria;Listeria monocytogenes
JOOX01000002.739045.740581 Bacteria;Firmicutes;Bacilli;Lactobacillales;Listeriaceae;Listeria;Listeria monocytogenes FSL F6-684
MVDY01000001.243139.244699 Bacteria;Firmicutes;Bacilli;Lactobacillales;Listeriaceae;Listeria;Listeria monocytogenes
LUBA01000003.106915.108474 Bacteria;Firmicutes;Bacilli;Lactobacillales;Listeriaceae;Listeria;Listeria monocytogenes
MVDY01000001.1833775.1835335 Bacteria;Firmicutes;Bacilli;Lactobacillales;Listeriaceae;Listeria;Listeria monocytogenes
